id	Sequence	Taxon	Consensus	NCC1-16S_KXBC_Fwd_03--KXBC_Rev_15
#q2:types	categorical	categorical	categorical	numeric
0a4a65fa27514181d94140679673d19d	GACGAACGCTGGCGGCGTGCCTAATACATGCAAGTCGAGCGAGCGGAACTAACAGATTTACTTCGGTAATGACGTTAGGAAAGCGAGCGGCGGATGGGTGAGTAACACGTGGGGAACCTGCCCCATAGTCTGGGATACCACTTGGAAACAGGTGCTAATACCGGATAAGAAAGCAGATCGCATGATCAGCTTTTAAAAGGCGGCGTAAGCTGTCGCTATGGGATGGCCCCGCGGTGCATTAGCTAGTTGGTAAGGTAAAGGCTTACCAAGGCGATGATGCATAGCCGAGTTGAGAGACTGATCGGCCACATTGGGACTGAGACACGGCCCAAACTCCTACGGGAGGCAGCAGTAGGGAATCTTCCACAATGGACGCAAGTCTGATGGAGCAACGCCGCGTGAGTGAAGAAGGTTTTCGGATCGTAAAGCTCTGTTGTTGGTGAAGAAGGATAGAGGTAGTAACTGGCCTTTATTTGACGGTAATCAACCAGAAAGTCACGGCTAACTACGTGCCAGCAGCCGCGGTAATACGTAGGTGGCAAGCGTTGTCCGGATTTATTGGGCGTAAAGCGAGCGCAGGCGGAAGAATAAGTCTGATGTGAAAGCCCTCGGCTTAACCGAGGAACTGCATCGGAAACTGTTTTTCTTGAGTGCAGAAGAGGAGAGTGGAACTCCATGTGTAGCGGTGGAATGCGTAGATATATGGAAGAACACCAGTGGCGAAGGCGGCTCTCTGGTCTGCAACTGACGCTGAGGCTCGAAAGCATGGGTAGCGAACAGGATTAGATACCCTGGTAGTCCATGCCGTAAACGATGAGTGCTAAGTGTTGGGAGGTTTCCGCCTCTCAGTGCTGCAGCTAACGCATTAAGCACTCCGCCTGGGGAGTACGACCGCAAGGTTGAAACTCAAAGGAATTGACGGGGGCCCGCACAAGCGGTGGAGCATGTGGTTTAATTCGAAGCAACGCGAAGAACCTTACCAGGTCTTGACATCTAGTGCCATTTGTAGAGATACAAAGTTCCCTTCGGGGACGCTAAGACAGGTGGTGCATGGCTGTCGTCAGCTCGTGTCGTGAGATGTTGGGTTAAGTCCCGCAACGAGCGCAACCCTTGTTATTAGTTGCCAGCATTAAGTTGGGCACTCTAATGAGACTGCCGGTGACAAACCGGAGGAAGGTGGGGATGACGTCAAGTCATCATGCCCCTTATGACCTGGGCTACACACGTGCTACAATGGGCAGTACAACGAGAAGCGAGCCTGCGAAGGCAAGCGAATCTCTGAAAGCTGTTCTCAGTTCGGACTGCAGTCTGCAACTCGACTGCACGAAGCTGGAATCGCTAGTAATCGCGGATCAGCACGCCGCGGTGAATACGTTCCCGGGCCTTGTACACACCGCCCGTCACACCATGGGAGTCTGCAATGCCCAAAGCCGGTGGCCTAACCTTCGGGAAGGAGCCGTCTAAGGCAGGGCAGATGACTGGGGTG	d__Bacteria;p__Bacillota;c__Bacilli;o__Lactobacillales;f__Lactobacillaceae;g__Lactobacillus;s__Lactobacillus crispatus	1.0	453
1c75b32eca9fd66fa1e559f5873347ca	GACGAACGCTGGCGGCGTGCCTAATACATGCAAGTCGAGCGAGCAGAACCAGCAGATTTACTTCGGTAATGACGCTGGGGACGCGAGCGGCGGATGGGTGAGTAACACGTGGGGAACCTGCCTCATAGTCTGGGATACCACTTGGAAACAGGTGCTAATACCGGATAAGAAAGCAGATCGCATGATCAGCTTATAAAAGGCGGCGTAAGCTGTCGCTATGGGATGGCCCCGCGGTGCATTAGCTAGTTGGTAAGGTAACGGCTTACCAAGGCGATGATGCATAGCCGAGTTGAGAGACTGATCGGCCACATTGGGACTGAGACACGGCCCAAACTCCTACGGGAGGCAGCAGTAGGGAATCTTCCACAATGGACGCAAGTCTGATGGAGCAACGCCGCGTGAGTGAAGAAGGTTTTCGGATCGTAAAGCTCTGTTGTTGGTGAAGAAGGATAGAGGTAGTAACTGGCCTTTATTTGACGGTAATCAACCAGAAAGTCACGGCTAACTACGTGCCAGCAGCCGCGGTAATACGTAGGTGGCAAGCGTTGTCCGGATTTATTGGGCGTAAAGCGAGCGCAGGCGGAAAAATAAGTCTGATGTGAAAGCCCTCGGCTTAACCGAGGAACTGCATCGGAAACTGTTTTTCTTGAGTGCAGAAGAGGAGAGTGGAACTCCATGTGTAGCGGTGGAATGCGTAGATATATGGAAGAACACCAGTGGCGAAGGCGGCTCTCTGGTCTGCAACTGACGCTGAGGCTCGAAAGCATGGGTAGCGAACAGGATTAGATACCCTGGTAGTCCATGCCGTAAACGATGAGTGCTAAGTGTTGGGAGGTTTCCGCCTCTCAGTGCTGCAGCTAACGCATTAAGCACTCCGCCTGGGGAGTACGACCGCAAGGTTGAAACTCAAAGGAATTGACGGGGGCCCGCACAAGCGGTGGAGCATGTGGTTTAATTCGAAGCAACGCGAAGAACCTTACCAGGTCTTGACATCTAGTGCCATCCTAAGAGATTAGGAGTTCCCTTCGGGGACGCTAAGACAGGTGGTGCATGGCTGTCGTCAGCTCGTGTCGTGAGATGTTGGGTTAAGTCCCGCAACGAGCGCAACCCTTGTTATTAGTTGCCAGCATTAAGTTGGGCACTCTAATGAGACTGCCGGTGACAAACCGGAGGAAGGTGGGGATGACGTCAAGTCATCATGCCCCTTATGACCTGGGCTACACACGTGCTACAATGGGCAGTACAACGAGAAGCGAGCCTGCGAAGGCAAGCGAATCTCTGAAAGCTGTTCTCAGTTCGGACTGCAGTCTGCAACTCGACTGCACGAAGCTGGAATCGCTAGTAATCGCGGATCAGCACGCCGCGGTGAATACGTTCCCGGGCCTTGTACACACCGCCCGTCACACCATGGAAGTCTGCAATGCCCAAAGCCGGTGGCCTAACCTTCGGGAAGGAGCCGTCTAAGGCAGGGCAGATGACTGGGGTG	d__Bacteria;p__Bacillota;c__Bacilli;o__Lactobacillales;f__Lactobacillaceae;g__Lactobacillus;s__Lactobacillus gallinarum	1.0	225
cea8ced7ce4e7ec9ad2318e68079ac40	GACGAACGCTGGCGGCGTGCCTAATACATGCAAGTCGAGCGAGCTTGCCTAGATGATTTTAGTGCTTGCACTAAATGAAACTAGATACAAGCGAGCGGCGGACGGGTGAGTAACACGTGGGTAACCTGCCCAAGAGACTGGGATAACACCTGGAAACAGATGCTAATACCGGATAACAACACTAGACGCATGTCTAGAGTTTGAAAGATGGTTCTGCTATCACTCTTGGATGGACCTGCGGTGCATTAGCTAGTTGGTAAGGTAACGGCTTACCAAGGCAATGATGCATAGCCGAGTTGAGAGACTGATCGGCCACATTGGGACTGAGACACGGCCCAAACTCCTACGGGAGGCAGCAGTAGGGAATCTTCCACAATGGACGAAAGTCTGATGGAGCAACGCCGCGTGAGTGAAGAAGGGTTTCGGCTCGTAAAGCTCTGTTGGTAGTGAAGAAAGATAGAGGTAGTAACTGGCCTTTATTTGACGGTAATTACTTAGAAAGTCACGGCTAACTACGTGCCAGCAGCCGCGGTAATACGTAGGTGGCAAGCGTTGTCCGGATTTATTGGGCGTAAAGCGAGTGCAGGCGGTTCAATAAGTCTGATGTGAAAGCCTTCGGCTCAACCGGAGAATTGCATCAGAAACTGTTGAACTTGAGTGCAGAAGAGGAGAGTGGAACTCCATGTGTAGCGGTGGAATGCGTAGATATATGGAAGAACACCAGTGGCGAAGGCGGCTCTCTGGTCTGCAACTGACGCTGAGGCTCGAAAGCATGGGTAGCGAACAGGATTAGATACCCTGGTAGTCCATGCCGTAAACGATGAGTGCTAAGTGTTGGGAGGTTTCCGCCTCTCAGTGCTGCAGCTAACGCATTAAGCACTCCGCCTGGGGAGTACGACCGCAAGGTTGAAACTCAAAGGAATTGACGGGGGCCCGCACAAGCGGTGGAGCATGTGGTTTAATTCGAAGCAACGCGAAGAACCTTACCAGGTCTTGACATCCAGTGCAAACCTAAGAGATTAGGTGTTCCCTTCGGGGACGCTGAGACAGGTGGTGCATGGCTGTCGTCAGCTCGTGTCGTGAGATGTTGGGTTAAGTCCCGCAACGAGCGCAACCCTTGTCATTAGTTGCCATCATTAAGTTGGGCACTCTAATGAGACTGCCGGTGACAAACCGGAGGAAGGTGGGGATGACGTCAAGTCATCATGCCCCTTATGACCTGGGCTACACACGTGCTACAATGGACGGTACAACGAGAAGCGAACCTGCGAAGGCAAGCGGATCTCTTAAAGCCGTTCTCAGTTCGGACTGTAGGCTGCAACTCGCCTACACGAAGCTGGAATCGCTAGTAATCGCGGATCAGCACGCCGCGGTGAATACGTTCCCGGGCCTTGTACACACCGCCCGTCACACCATGAGAGTCTGTAACACCCAAAGCCGGTGGGATAACCTTTATAGGAGTCAGCCGTCTAAGGTAGGACAGATGATTAGGGTG	d__Bacteria;p__Bacillota;c__Bacilli;o__Lactobacillales;f__Lactobacillaceae;g__Lactobacillus;s__Lactobacillus sp947171515	0.61	104
129037ee67db7c458c8621bbfe3a5e99	GATGAACGCTGGCGGCGTGCCTAACACATGCAAGTCGAGCGATTTACTTCGGTAAAGAGCGGCGGACGGGTGAGTAACGCGTGGGTAACCTGCCCTGTACACACGGATAACATACCGAAAGGTATGCTAATACGAGATAATATGCTTTTATCGCATGGTAGAAGTATCAAAGCTTTTGCGGTACAGGATGGACCCGCGTCTGATTAGCTAGTTGGTAAGGTAACGGCTTACCAAGGCGACGATCAGTAGCCGACCTGAGAGGGTGATCGGCCACATTGGAACTGAGACACGGTCCAAACTCCTACGGGAGGCAGCAGTGGGGAATATTGCACAATGGGCGAAAGCCTGATGCAGCAACGCCGCGTGAGCGATGAAGGCCTTCGGGTCGTAAAGCTCTGTCCTCAAGGAAGATAATGACGGTACTTGAGGAGGAAGCCCCGGCTAACTACGTGCCAGCAGCCGCGGTAATACGTAGGGGGCTAGCGTTATCCGGAATTACTGGGCGTAAAGGGTGCGTAGGTGGTTTCTTAAGTCAGAGGTGAAAGGCTACGGCTCAACCGTAGTAAGCCTTTGAAACTGGGAAACTTGAGTGCAGGAGAGGAGAGTGGAATTCCTAGTGTAGCGGTGAAATGCGTAGATATTAGGAGGAACACCAGTTGCGAAGGCGGCTCTCTGGACTGTAACTGACACTGAGGCACGAAAGCGTGGGGAGCAAACAGGATTAGATACCCTGGTAGTCCACGCCGTAAACGATGAGTACTAGCTGTCGGAGGTTACCCCCTTCGGTGGCGCAGCTAACGCATTAAGTACTCCGCCTGGGAAGTACGCTCGCAAGAGTGAAACTCAAAGGAATTGACGGGGACCCGCACAAGTAGCGGAGCATGTGGTTTAATTCGAAGCAACGCGAAGAACCTTACCTAAGCTTGACATCCTTTTGACCGATGCCTAATCGCATCTTTCCCTTCGGGGACAGAAGTGACAGGTGGTGCATGGTTGTCGTCAGCTCGTGTCGTGAGATGTTGGGTTAAGTCCCGCAACGAGCGCAACCCTTGCCTTTAGTTGCCATCATTAAGTTGGGCACTCTAGAGGGACTGCCAGGGATAACCTGGAGGAAGGTGGGGATGACGTCAAATCATCATGCCCCTTATGCTTAGGGCTACACACGTGCTACAATGGGTGGTACAGAGGGCAGCCAAGTCGTGAGGCGGAGCTAATCCCTTAAAGCCATTCTCAGTTCGGATTGTAGGCTGAAACTCGCCTACATGAAGCTGGAGTTACTAGTAATCGCAGATCAGAATGCTGCGGTGAATGCGTTCCCGGGTCTTGTACACACCGCCCGTCACACCACGGAAGTTGGGGGCGCCCGAAGCCACTTAGCTAACCCTCTGGGAAGCGAGTGTCGAAGGTGAAATCAATAACTGGGGTG	d__Bacteria;p__Bacillota_A;c__Clostridia;o__Peptostreptococcales;f__Peptostreptococcaceae;g__Romboutsia;s__Romboutsia ilealis	1.0	106
b72f7c0531f95adfbce38603bfcca481	GACGAACGCTGGCGGCGTGCCTAATACATGCAAGTCGAGCGAGCTTGCCTAGATGATTTTAGTGCTTGCACTAAATGAAACTAGATACAAGCGAGCGGCGGACGGGTGAGTAACACGTGGGTAACCTGCCCAAGAGACTGGGATAACACCTGGAAACAGATGCTAATACCGGATAACAACACTAGACGCATGTCTAGAGTTTGAAAGATGGTTCTGCTATCACTCTTGGATGGACCTGCGGTGCATTAGCTAGTTGGTAAGGTAACGGCTTACCAAGGCAATGATGCATAGCCGAGTTGAGAGACTGATCGGCCACATTGGGACTGAGACACGGCCCAAACTCCTACGGGAGGCAGCAGTAGGGAATCTTCCACAATGGACGAAAGTCTGATGGAGCAACGCCGCGTGAGTGAAGAAGGGTTTCGGCTCGTAAAGCTCTGTTGGTAGTGAAGAAAGATAGAGGTAGTAACTGGCCTTTATTTGACGGTAATTACTTAGAAAGTCACGGCTAACTACGTGCCAGCAGCCGCGGTAATACGTAGGTGGCAAGCGTTGTCCGGATTTATTGGGCGTAAAGCGAGTGCAGGCGGTTCAATAAGTCTGATGTGAAAGCCTTCGGCTCAACCGGAGAATTGCATCAGAAACTGTTGAACTTGAGTGCAGAAGAGGAGAGTGGAACTCCATGTGTAGCGGTGGAATGCGTAGATATATGGAAGAACACCAGTGGCGAAGGCGGCTCTCTGGTCTGCAACTGACGCTGAGGCTCGAAAGCATGGGTAGCGAACAGGATTAGATACCCTGGTAGTCCATGCCGTAAACGATGAGTGCTAAGTGTTGGGAGGTTTCCGCCTCTCAGTGCTGCAGCTAACGCATTAAGCACTCCGCCTGGGGAGTACGACCGCAAGGTTGAAACTCAAAGGAATTGACGGGGGCCCGCACAAGCGGTGGAGCATGTGGTTTAATTCGAAGCAACGCGAAGAACCTTACCAGGTCTTGACATCCAGTGCAAACCTAAGAGATTAGGTGTTCCCTTCGGGGACGCTGAGACAGGTGGTGCATGGCTGTCGTCAGCTCGTGTCGTGAGATGTTGGGTTAAGTCCCGCAACGAGCGCAACCCTTGTCATTAGTTGCCATCATTAAGTTGGGCACTCTAATGAGACTGCCGGTGACAAACCGGAGGAAGGTGGGGATGACGTCAAGTCATCATGCCCCTTATGACCTGGGCTACACACGTGCTACAATGGACGGTACAACGAGAAGCAAACCTGCGAAGGCAAGCGGATCTCTTAAAGCCGTTCTCAGTTCGGACTGTAGGCTGCAACTCGCCTACACGAAGCTGGAATCGCTAGTAATCGCGGATCAGCACGCCGCGGTGAATACGTTCCCGGGCCTTGTACACACCGCCCGTCACACCATGAGAGTCTGTAACACCCAAAGCCGGTGGGATAACCTTTATAGGAGTCAGCCGTCTAAGGTAGGACAGATGATTAGGGTG	d__Bacteria;p__Bacillota;c__Bacilli;o__Lactobacillales;f__Lactobacillaceae;g__Lactobacillus;s__Lactobacillus sp947171515	0.61	182
849c3df4c7935ba8e4f59a8849052ab0	GATGAACGCTGGCGGCGTGCTTAACACATGCAAGTCGAACGAAGCGGCTGGACGGAAGTTTTCGGATGGAAGACCGGCTGACTGAGTGGCGGACGGGTGAGTAACGCGTGGGTAACCTGCCGTATACAGGGGGATAACAGAGAGAAATTTCTGCTAATACCGCATAAGCGCACGAAGACCGCATGGTCCGGTGTGAAAAGCCGAGACGGTATACGATGGACCCGCGTCTGATTAGGCAGTTGGTGGGGTAACGGCCTACCAAACCGACGATCAGTAGCCGGCCTGAGAGGGTGGACGGCCACATTGGGACTGAGACACGGCCCAAACTCCTACGGGAGGCAGCAGTGGGGAATATTGCACAATGGGGGAAACCCTGATGCAGCGACGCCGCGTGAGCGAAGAAGTATTTCGGTATGTAAAGCTCTATCAGCAGGGAAGAAGAAAGACGGTACCTGACTAAGAAGCCCCGGCTAACTACGTGCCAGCAGCCGCGGTAATACGTAGGGGGCAAGCGTTATCCGGATTTACTGGGTGTAAAGGGAGCGCAGACGGCATGGCAAGTCTGAAGTGAAAGGCATGGGCTCAACCCGTGGACTGCTTTGGAAACTGTCAGGCTAGAGTGTCGGAGAGGCAAGTGGAATTCCTAGTGTAGCGGTGAAATGCGTAGATATTAGGAGGAACACCAGTGGCGAAGGCGGCTTGCTGGACGATGACTGACGTTGAGGCTCGAAAGCGTGGGGAGCAAACAGGATTAGATACCCTGGTAGTCCACGCCGTAAACGATGAATACTAGGTGTTGGGGAGCAAAGCTCTTCGGTGCCGCAGCAAACGCAGTAAGTATTCCACCTGGGGAGTACGTTCGCAAGAATGAAACTCAAAGGAATTGACGGGGACCCGCACAAGCGGTGGAGCATGTGGTTTAATTCGAAGCAACGCGAAGAACCTTACCAAGTCTTGACATCTGCGTGACCGGGAAGTAACGTTCCCTTTCCTTCGGGACAGGCAAGACAGGTGGTGCATGGTTGTCGTCAGCTCGTGTCGTGAGATGTTGGGTTAAGTCCCGCAACGAGCGCAACCCTTATCCTTAGTAGCCAGCATGAAAGATGGGCACTCTAGGGAGACTGCCAGGGAGAACCTGGAGGAAGGTGGGGATGACGTCAAATCATCATGCCCCTTATGATTTGGGCTACACACGTGCTACAATGGCGTAAACAAAGGGAAGCGAGAGGGTGACCTTAAGCGAATCTCAAAAATAACGTCTCAGTTCGGATTGTAGTCTGCAACTCGACTACATGAAGCTGGAATCGCTAGTAATCGCGAATCAGCATGTCGCGGTGAATACGTTCCCGGGTCTTGTACACACCGCCCGTCACACCATGGGAGTCGGAAATGCCCGAAGTCAGTGACCCAACCGCAAGGAGGGAGCTGCCGAAGGTGGAGCCGATAACTGGGGTG	Unassigned	1.0	195
b503f26fc8ce4805ab25a31449a22e10	GATGAACGCTGGCGGCGTGCTTAACACATGCAAGTCGAACGAAGCGGCTGGACGGAAGTTTTCGGACGGAAGAGCAGCTGACTGAGTGGCGGACGGGTGAGTAACGCGTGGGTAACCTGCCGTATACAGGGGGATAACAGAGAGAAATTTCTGCTAATACCGCATAAGCGCACGAAGACCGCATGGTCTGGTGTGAAAAGCCGAGACGGTATACGATGGACCCGCGTCTGATTAGGCAGTTGGTGGGGTAACGGCCTACCAAACCGACGATCAGTAGCCGGCCTGAGAGGGTGGACGGCCACATTGGGACTGAGACACGGCCCAAACTCCTACGGGAGGCAGCAGTGGGGAATATTGCACAATGGGGGAAACCCTGATGCAGCGACGCCGCGTGAGCGAAGAAGTATTTCGGTATGTAAAGCTCTATCAGCAGGGAAGAAGAAAGACGGTACCTGACTAAGAAGCCCCGGCTAACTACGTGCCAGCAGCCGCGGTAATACGTAGGGGGCAAGCGTTATCCGGATTTACTGGGTGTAAAGGGAGCGCAGACGGCATGGCAAGTCTGAAGTGAAAGGCATGGGCTCAACCCGTGGACTGCTTTGGAAACTGTCAGGCTAGAGTGTCGGAGAGGCAAGTGGAATTCCTAGTGTAGCGGTGAAATGCGTAGATATTAGGAGGAACACCAGTGGCGAAGGCGGCTTGCTGGACGATGACTGACGTTGAGGCTCGAAAGCGTGGGGAGCAAACAGGATTAGATACCCTGGTAGTCCACGCCGTAAACGATGAATACTAGGTGTTGGGGAGCAAAGCTCTTCGGTGCCGCAGCAAACGCAGTAAGTATTCCACCTGGGGAGTACGTTCGCAAGAATGAAACTCAAAGGAATTGACGGGGACCCGCACAAGCGGTGGAGCATGTGGTTTAATTCGAAGCAACGCGAAGAACCTTACCAAGTCTTGACATCTGCGTGACCGGGAAGTAACGTTCCCTTTCCTTCGGGACAGGCAAGACAGGTGGTGCATGGTTGTCGTCAGCTCGTGTCGTGAGATGTTGGGTTAAGTCCCGCAACGAGCGCAACCCTTATCCTTAGTAGCCAGCATGAAAGATGGGCACTCTAGGGAGACTGCCAGGGAGAACCTGGAGGAAGGTGGGGATGACGTCAAATCATCATGCCCCTTATGATTTGGGCTACACACGTGCTACAATGGCGTAAACAAAGGGAAGCGAGAGGGTGACCTTAAGCGAATCTCAAAAATAACGTCTCAGTTCGGATTGTAGTCTGCAACTCGACTACATGAAGCTGGAATCGCTAGTAATCGCGAATCAGCATGTCGCGGTGAATACGTTCCCGGGTCTTGTACACACCGCCCGTCACACCATGGGAGTCGGAAATGCCCGAAGTCAGTGACCCAACCGCAAGGAGGGAGCTGCCGAAGGTGGAGCCGATAACTGGGGTG	Unassigned	1.0	101
c9690b48124da99d00f18a85506f872f	GACGAACGCTGGCGGCGTGCCTAACACATGCAAGTCGAACGGAAGTAAGAGCTTCGGTTTTTACTTTAGTGGCGAACGGGTGAGTAACGCGTGAGGAACCTGCCTTTCAGTGGGGGACAACAGTTGGAAACGACTGCTAATACCGCATAATGTTTCCGGTCTGCATGGACTGGAAACCAAAGCTTTATGTGCTGAAAGATGGCCTCGCGTCTGATTAGATAGTTGGTGGGGTAACGGCCTACCAAGTCAACGATCAGTAGCCGGTCTGAGAGGATGAACGGCCACATTGGGACTGAGATACGGCCCAGACTCCTACGGGAGGCAGCAGTGGGGAATATTGGGCAATGGGGGAAACCCTGACCCAGCAACGCCGCGTGAAGGAAGAAGGCCTTCGGGTTGTAAACTTCTTTTACCAGGGACGAAGGACGTGACGGTACCTGGAGAAAAAGCAACGGCTAACTACGTGCCAGCAGCCGCGGTAATACGTAGGTTGCAAGCGTTGTCCGGATTTACTGGGTGTAAAGGGCGTGTAGGCGGAGCTGCAAGTCAGATGTGAAATCCCGGGGCTCAACCCCGGAACTGCATTTGAAACTGTAGCCCTTGAGTATCGGAGAGGCAAGCGGAATTCCTAGTGTAGCGGTGAAATGCGTAGATATTAGGAGGAACACCAGTGGCGAAGGCGGCTTGCTGGACGACAACTGACGCTGAGGCGCGAAAGCGTGGGGAGCAAACAGGATTAGATACCCTGGTAGTCCACGCTGTAAACGATGAATACTAGGTGTGGGAGGACTGACCCCTTCCGTGCCGCAGTTAACACAATAAGTATTCCACCTGGGGAGTACGACCGCAAGGTTGAAACTCAAAGGAATTGACGGGGGCCCGCACAAGCAGTGGATTATGTGGTTTAATTCGACGCAACGCGAAGAACCTTACCAGGATTTGACATCCAACTAACGAAGTAGAGATACATTAGGTGCCCTTCGGGGAAAGTTGAGACAGGTGGTGCATGGTTGTCGTCAGCTCGTGTCGTGAGATGTTGGGTTAAGTCCCGCAACGAGCGCAACCCCTATTGTTAGTTGCTACGAAAGAGCACTCTAGCGAGACTGCCGTTGACAAAACGGAGGAAGGCGGGGACGACGTCAAATCATCATGCCCCTTATATCCTGGGCTACACACGTAATACAATGGCCGTCAACAAAGGGAAGCGAAACCGCGAGGCGGAGCAAATCCCCAAAAACGGTCTCAGTTCGGATTGCAGGCTGCAACTCGCCTGCATGAAGCTGGAATTGCTAGTAATCGTGGATCAGCATGCCACGGTGAATACGTTCCCGGGCCTTGTACACACCGCCCGTCACACCATGAGAGTCGGGAACACCCGAAGTCCGTAGTCTAACCGCAAGGAGGGCGCGGCCGAAGGTGGGTCCGGTAATTGGGGTG	Unassigned	1.0	102
50992761e7e89a661ec413026b6834b6	GACGAACGCTGGCGGCGTGCCTAATACATGCAAGTCGAGCGAGCAGAACCAGCAGATTTACTTCGGTAATGACGCTGGGGACGCGAGCGGCGGATGGGTGAGTAACACGTGGGGAACCTGCCTCATAGTCTGGGATACCACTTGGAAACAGGTGCTAATACCGGATAAGAAAGCAGATCGCATGATCAGCTTATAAAAGGCGGCGTAAGCTGTCGCTATGGGATGGCCCCGCGGTGCATTAGCTAGTTGGTAAGGTAACGGCTTACCAAGGCGATGATGCATAGCCGAGTTGAGAGACTGATCGGCCACATTGGGACTGAGACACGGCCCAAACTCCTACGGGAGGCAGCAGTAGGGAATCTTCCACAATGGACGCAAGTCTGATGGAGCAACGCCGCGTGAGTGAAGAAGGTTTTCGGATCGTAAAGCTCTGTTGTTGGTGAAGAAGGATAGAGGTAGTAACTGGCCTTTATTTGACGGTAATCAACCAGAAAGTCACGGCTAACTACGTGCCAGCAGCCGCGGTAATACGTAGGTGGCAAGCGTTGTCCGGATTTATTGGGCGTAAAGCGAGCGCAGGCGGAAGAATAAGTCTGATGTGAAAGCCCTCGGCTTAACCGAGGAACTGCATCGGAAACTGTTTTTCTTGAGTGCAGAAGAGGAGAGTGGAACTCCATGTGTAGCGGTGGAATGCGTAGATATATGGAAGAACACCAGTGGCGAAGGCGGCTCTCTGGTCTGCAACTGACGCTGAGGCTCGAAAGCATGGGTAGCGAACAGGATTAGATACCCTGGTAGTCCATGCCGTAAACGATGAGTGCTAAGTGTTGGGAGGTTTCCGCCTCTCAGTGCTGCAGCTAACGCATTAAGCACTCCGCCTGGGGAGTACGACCGCAAGGTTGAAACTCAAAGGAATTGACGGGGGCCCGCACAAGCGGTGGAGCATGTGGTTTAATTCGAAGCAACGCGAAGAACCTTACCAGGTCTTGACATCTAGTGCCATTTGTAGAGATACAAAGTTCCCTTCGGGGACGCTAAGACAGGTGGTGCATGGCTGTCGTCAGCTCGTGTCGTGAGATGTTGGGTTAAGTCCCGCAACGAGCGCAACCCTTGTTATTAGTTGCCAGCATTAAGTTGGGCACTCTAATGAGACTGCCGGTGACAAACCGGAGGAAGGTGGGGATGACGTCAAGTCATCATGCCCCTTATGACCTGGGCTACACACGTGCTACAATGGGCAGTACAACGAGAAGCGAGCCTGCGAAGGCAAGCGAATCTCTGAAAGCTGTTCTCAGTTCGGACTGCAGTCTGCAACTCGACTGCACGAAGCTGGAATCGCTAGTAATCGCGGATCAGCACGCCGCGGTGAATACGTTCCCGGGCCTTGTACACACCGCCCGTCACACCATGGGAGTCTGCAATGCCCAAAGCCGGTGGCCTAACCTTCGGGAAGGAGCCGTCTAAGGCAGGGCAGATGACTGGGGTG	d__Bacteria;p__Bacillota;c__Bacilli;o__Lactobacillales;f__Lactobacillaceae;g__Lactobacillus;s__Lactobacillus crispatus	1.0	105
ae4fc998b9a0240fff6ec6ce4566c30b	GATGAACGCTGGCGGCGTGCTTAACACATGCAAGTCGAACGGGGAATATTCTGACAGAGACTTCGGTTGAAGTCGTTATATTCCTAGTGGCGGACGGGTGAGTAACGCGTGGGTAACCTGCCCCACACAGGGGGATAACAACCAGAAATGGCTGCTAATACCGCATAAGCGCACGGGACCGCATGGTTTTGTGTGAAAAACTCCGGTGGTGTGGGATGGGCCCGCGTTGGATTAGCCAGTTGGCAGGGTAACGGCCTACCAAAGCGACGATCCATAGCCGGCCTGAGAGGGTGAACGGCCACATTGGGACTGAGACACGGCCCAGACTCCTACGGGAGGCAGCAGTGGGGAATATTGCACAATGGGGGAAACCCTGATGCAGCGACGCCGCGTGAAGGAAGAAGTATCTCGGTATGTAAACTTCTATCAGCAGGGAAGAAAATGACGGTACCTGACTAAGAAGCCCCGGCTAACTACGTGCCAGCAGCCGCGGTAATACGTAGGGGGCAAGCGTTATCCGGATTTACTGGGTGTAAAGGGAGCGTAGACGGAGCAGCAAGTCTGATGTGAAAGGCAGGGGCTCAACCCCTGGACTGCATTGGAAACTGTTGATCTTGAGTACCGGAGGGGTAAGCGGAATTCCTAGTGTAGCGGTGAAATGCGTAGATATTAGGAGGAACACCAGTGGCGAAGGCGGCTTACTGGACGGTAACTGACGTTGAGGCTCGAAAGCGTGGGGAGCAAACAGGATTAGATACCCTGGTAGTCCACGCCGTAAACGATGAATACTAGGTGTCAGGGAGCAAAGCTCTTTGGTGCCGCAGCAAACGCAGTAAGTATTCCACCTGGGGAGTACGTTCGCAAGAATGAAACTCAAAGGAATTGACGGGGACCCGCACAAGCGGTGGAGCATGTGGTTTAATTCGAAGCAACGCGAAGAACCTTACCAAGTCTTGACATCCCTCTGACCGGTCCGTAACGGGATCTTTCCTTCGGGACAGGGGAGACAGGTGGTGCATGGTTGTCGTCAGCTCGTGTCGTGAGATGTTGGGTTAAGTCCCGCAACGAGCGCAACCCCTATCCCCAGTAGCCAGCAGGTAGAGCTGGGCACTCTGAGGAGACTGCCAGGGATAACCTGGAGGAAGGCGGGGATGACGTCAAATCATCATGCCCCTTATGATTTGGGCTACACACGTGCTACAATGGCGTAAACAAAGGGAAGCGAGAGGGCGACCTGGAGCAAATCCCAAAAATAACGTCCCAGTTCGGACTGTAGTCTGCAACCCGACTACACGAAGCTGGAATCGCTAGTAATCGCGGATCAGAATGCCGCGGTGAATACGTTCCCGGGTCTTGTACACACCGCCCGTCACACCATGGGAGTCAGTAACGCCCGAAGTCAGTGACCGAACCTCGTGAAGGAGCTGCCGAAGGCGGGACGGATGACTGGGGTG	Unassigned	1.0	102
a7857efde23dd2e528e088ec76e7cf5d	GACGAACGCTGGCGGCGTGCTTAACACATGCAAGTCGAGCGGGGATATCTGGAGTGCTTGCACACTGGATATTCTAGCGGCGGACGGGTGAGTAACGCGTGAACAATCTGTCCCATACAGGGGGATAACAGATGGAAACATCTGCTAATACCGCATAAGACCACGATGCCACATGGCGATGAGGTAAAAGGAGGAATCCGGTATGGGGTGAGTTCGCGTCCGATTAGCTAGTTGGCGAGGTAACGGCCCACCAAGGCGACGATCGGTAGCCGACCTGAGAGGGTGATCGGCCACACTGGAACTGAGAGACGGTCCAGACTCCTACGGGAGGCAGCAGTGGGGAATATTGGGCAATGGGCGAAAGCCTGACCCAGCAACGCCGCGTGAGGGAAGAAGGTTTTCGGATTGTAAACCTCTGTCCTCAGGGACGAAGGATGTGACGGTACCTGAGGAGGAAGCCCCGGCTAACTACGTGCCAGCAGCCGCGGTAATACGTAGGGGGCGAGCGTTGTCCGGAATGACTGGGCGTAAAGGGCGTGTAGGCGGCTTTTTAAGTCTGGAGTGAAAGCCCCTTTTTCAAGGAGGGGAGTGCTTTGGAGACTGGAGAGCTTGAGTGCGGAAGAGGTAAGTGGAATTCCCAGTGTAGCGGTGAAATGCGTAGAGATTGGGAGGAACACCAGTGGCGAAGGCGACTTACTGGGCCGTAACTGACGCTGAGGCGCGAAAGCGTGGGGAGCGAACAGGATTAGATACCCTGGTAGTCCACGCTGTAAACGATGAATGCTAGGTGTAGCGGGTATCGACCCCTGCTGTGCCGGAGTAAACACAATAAGCATTCCGCCTGGGGAGTACGGCCGCAAGGTTGAAACTCAAAGGAATTGACGGGGGCCCGCACAAGCAGCGGAGCATGTTGTTTAATTCGATGCAACGCGAAGAACCTTACCAGGTCTTGACATCGAGGTAAAGCGGTAGAGATACCGTGTGGATTCGTCCAACCGAAGACAGGTGGTGCATGGTTGTCGTCAGCTCGTGTCGTGAGATGTTGGGTTAAGTCCCGCAACGAGCGCAACCCTTATGATCAGTTACTAACAGGTAGTGCTGAGGACTCTGATGAGACTGCCGGGGACAACTCGGAGGAAGGTGGGGACGACGTCAAATCATCATGCCCCTTATGACCTGGGCTACAAACGTGCTACAATGGCGGCCACAAAGAGGGGCGAGACTGTGAAGTTAAGCGGATCTCAAAAAAGCCGTCCCAGTTCGGATTGTGGGCTGCAACCCGCCCACATGAAGTTGGAGTTGCTAGTAATCGCGGATCAGCATGCCGCGGTGAATACGTTCCCGGGCCTTGTACACACCGCCCGTCACACCATGGGAGTTGGGAGCACCCGAAGTCAGTGAGATAACCGTAAGGGGTCAGCTGCCGAAGGTGAGACTGATGACTGGGGTG	Unassigned	1.0	54
fc077d8e9d78031c0120d95150deee87	GACGAACGCTGGCGGCGTGCTTAACACATGCAAGTCGAGCGGGGATGTTCGGAGTGCTTGCACACTGAACATTCTAGCGGCGGACGGGTGAGTAACGCGTGAACAATCTGTCCCATACAGGGGGATAACAGATGGAAACATCTGCTAATACCGCATAAGACCACGATGCCACATGGCGATGGGGTAAAAGGAGGAATCCGGTATGGGGTGAGTTCGCGTCCGATTAGCTAGTTGGCGAGGTAACGGCCCACCAAGGCGACGATCGGTAGCCGACCTGAGAGGGTGATCGGCCACACTGGAACTGAGAGACGGTCCAGACTCCTACGGGAGGCAGCAGTGGGGAATATTGGGCAATGGGCGAAAGCCTGACCCAGCAACGCCGCGTGAGGGAAGAAGGTTTTCGGATTGTAAACCTCTGTCCTCAGGGACGAAGGACGTGACGGTACCTGAGGAGGAAGCCCCGGCTAACTACGTGCCAGCAGCCGCGGTAATACGTAGGGGGCGAGCGTTGTCCGGAATGACTGGGCGTAAAGGGCGTGTAGGCGGCTTTTTAAGTCTGGAGTGAAAGCCCCTTTTTCAAGGAGGGGAGTGCTTTGGAGACTGGAGAGCTTGAGTGCGGAAGAGGTAAGTGGAATTCCCAGTGTAGCGGTGAAATGCGTAGAGATTGGGAGGAACACCAGTGGCGAAGGCGACTTACTGGGCCGTAACTGACGCTGAGGCGCGAAAGCGTGGGGAGCGAACAGGATTAGATACCCTGGTAGTCCACGCTGTAAACGATGAATGCTAGGTGTAGCGGGTATCGACCCCTGCTGTGCCGGAGTAAACACAATAAGCATTCCGCCTGGGGAGTACGGCCGCAAGGTTGAAACTCAAAGGAATTGACGGGGGCCCGCACAAGCAGCGGAGCATGTTGTTTAATTCGATGCAACGCGAAGAACCTTACCAGGTCTTGACATCGAGGTAAAGCGGTAGAGATACCGTGTGGATTCGTCCGACCGAAGACAGGTGGTGCATGGTTGTCGTCAGCTCGTGTCGTGAGATGTTGGGTTAAGTCCCGCAACGAGCGCAACCCTTATGATCAGTTACTAACAGGTAGTGCTGAGGACTCTGATGAGACTGCCGGGGACAACTCGGAGGAAGGTGGGGACGACGTCAAATCATCATGCCCCTTATGACCTGGGCTACAAACGTGCTACAATGGCGGCCACAAAGAGGGGCGAGACTGTGAAGTTAAGCGGATCTCAAAAAAGCCGTCCCAGTTCGGATTGTGGGCTGCAACCCGCCCACATGAAGTTGGAGTTGCTAGTAATCGCGGATCAGCATGCCGCGGTGAATACGTTCCCGGGCCTTGTACACACCGCCCGTCACACCATGGGAGTTGGGAGCACCCGAAGTCAGTGAGATAACCGGAAGGGGTCAGCTGCCGAAGGTGAGACTGATGACTGGGGTG	Unassigned	1.0	88
ebc3b94d49e5c14af93f5b81352ecd4c	GACGAACGCTGGCGGCGTGCCTAATACATGCAAGTCGAACGAAACTTTCTTACACCGAATGCTTGCATTCACCGTAAGAAGTTGAGTGGCGGACGGGTGAGTAACACGTGGGTAACCTGCCTAAAAGAAGGGGATAACACTTGGAAACAGGTGCTAATACCGTATATCTCTAAGGATCGCATGATCCTTAGATGAAAGATGGTTCTGCTATCGCTTTTAGATGGACCCGCGGCGTATTAACTAGTTGGTGGGGTAACGGCCTACCAAGGTGATGATACGTAGCCGAACTGAGAGGTTGATCGGCCACATTGGGACTGAGACACGGCCCAAACTCCTACGGGAGGCAGCAGTAGGGAATCTTCCACAATGGACGCAAGTCTGATGGAGCAACGCCGCGTGAGTGAAGAAGGTCTTCGGATCGTAAAACTCTGTTGTTAGAGAAGAACACGAGTGAGAGTAACTGTTCATTCGATGACGGTATCTAACCAGCAAGTCACGGCTAACTACGTGCCAGCAGCCGCGGTAATACGTAGGTGGCAAGCGTTGTCCGGATTTATTGGGCGTAAAGGGAACGCAGGCGGTCTTTTAAGTCTGATGTGAAAGCCTTCGGCTTAACCGGAGTAGTGCATTGGAAACTGGAAGACTTGAGTGCAGAAGAGGAGAGTGGAACTCCATGTGTAGCGGTGAAATGCGTAGATATATGGAAGAACACCAGTGGCGAAAGCGGCTCTCTGGTCTGTAACTGACGCTGAGGTTCGAAAGCGTGGGTAGCAAACAGGATTAGATACCCTGGTAGTCCACGCCGTAAACGATGAATGCTAGGTGTTGGAGGGTTTCCGCCCTTCAGTGCCGCAGCTAACGCAATAAGCATTCCGCCTGGGGAGTACGACCGCAAGGTTGAAACTCAAAGGAATTGACGGGGGCCCGCACAAGCGGTGGAGCATGTGGTTTAATTCGAAGCAACGCGAAGAACCTTACCAGGTCTTGACATCCTTTGACCACCTAAGAGATTAGGCTTTCCCTTCGGGGACAAAGTGACAGGTGGTGCATGGCTGTCGTCAGCTCGTGTCGTGAGATGTTGGGTTAAGTCCCGCAACGAGCGCAACCCTTGTTGTCAGTTGCCAGCATTAAGTTGGGCACTCTGGCGAGACTGCCGGTGACAAACCGGAGGAAGGTGGGGACGACGTCAAGTCATCATGCCCCTTATGACCTGGGCTACACACGTGCTACAATGGACGGTACAACGAGTCGCAAGACCGCGAGGTTTAGCTAATCTCTTAAAGCCGTTCTCAGTTCGGATTGTAGGCTGCAACTCGCCTACATGAAGTCGGAATCGCTAGTAATCGCGAATCAGCATGTCGCGGTGAATACGTTCCCGGGCCTTGTACACACCGCCCGTCACACCATGAGAGTTTGTAACACCCAAAGCCGGTGGGGTAACCGCAAGGAGCCAGCCGTCTAAGGTGGGACAGATGATTGGGGTG	d__Bacteria;p__Bacillota;c__Bacilli;o__Lactobacillales;f__Lactobacillaceae;g__Ligilactobacillus;s__Ligilactobacillus salivarius	0.759	66
0a12e88374468681e72aae401e7acfa8	GACGAACGCTGGCGGCGTGCTTAACACATGCAAGTCGAGCGGGGATATCTGGAGTGCTTGCACACTGGATATTCTAGCGGCGGACGGGTGAGTAACGCGTGAACAATCTGTCCCATACAGGGGGATAACAGATGGAAACATCTGCTAATACCGCATAAGACCACGATGCCACATGGCGATGGGGTAAAAGGAGGAATCCGGTATGGGGTGAGTTCGCGTCCGATTAGCTAGTTGGCGAGGTAACGGCCCACCAAGGCGACGATCGGTAGCCGACCTGAGAGGGTGATCGGCCACACTGGAACTGAGAGACGGTCCAGACTCCTACGGGAGGCAGCAGTGGGGAATATTGGGCAATGGGCGAAAGCCTGACCCAGCAACGCCGCGTGAGGGAAGAAGGTTTTCGGATTGTAAACCTCTGTCCTCAGGGACGAAGGACGTGACGGTACCTGAGGAGGAAGCCCCGGCTAACTACGTGCCAGCAGCCGCGGTAATACGTAGGGGGCGAGCGTTGTCCGGAATGACTGGGCGTAAAGGGCGTGTAGGCGGCTTTTTAAGTCTGGAGTGAAAGCCCCTTTTTCAAGGAGGGGAGTGCTTTGGAGACTGGAGAGCTTGAGTGCGGAAGAGGTAAGTGGAATTCCCAGTGTAGCGGTGAAATGCGTAGAGATTGGGAGGAACACCAGTGGCGAAGGCGACTTACTGGGCCGTAACTGACGCTGAGGCGCGAAAGCGTGGGGAGCGAACAGGATTAGATACCCTGGTAGTCCACGCTGTAAACGATGAATGCTAGGTGTAGCGGGTATCGACCCCTGCTGTGCCGGAGTAAACACAATAAGCATTCCGCCTGGGGAGTACGGCCGCAAGGTTGAAACTCAAAGGAATTGACGGGGGCCCGCACAAGCAGCGGAGCATGTTGTTTAATTCGATGCAACGCGAAGAACCTTACCAGGTCTTGACATCGAGGTAAAGCGGTAGAGATACCGTGTGGATTCGTCCGACCGAAGACAGGTGGTGCATGGTTGTCGTCAGCTCGTGTCGTGAGATGTTGGGTTAAGTCCCGCAACGAGCGCAACCCTTATGATCAGTTACTAACAGGTGAAGCTGAGGACTCTGATGAGACTGCCGGGGACAACTCGGAGGAAGGTGGGGACGACGTCAAATCATCATGCCCCTTATGACCTGGGCTACAAACGTGCTACAATGGCGGCCACAAAGAGGAGCGAGACTGTGAAGTTAAGCGGATCTCAAAAAAGCCGTCCCAGTTCGGATTGTGGGCTGCAACCCGCCCACATGAAGTTGGAGTTGCTAGTAATCGCGGATCAGCATGCCGCGGTGAATACGTTCCCGGGCCTTGTACACACCGCCCGTCACACCATGGGAGTTGGGAGCACCCGAAGTCAGTGAGATAACCGGAAGGGGTCAGCTGCCGAAGGTGAGACTGATGACTGGGGTG	Unassigned	1.0	64
1eeddea02e0b267b1044a7056a452efc	GACGAACGCTGGCGGCGTGCCTAATACATGCAAGTAGAACGCTGAAGAAAGGAGCTTGCTTCTTTTGGATGAGTTGCGAACGGGTGAGTAACGCGTAGGTAACCTGCCTTGTAGCGGGGGATAACTATTGGAAACGATAGCTAATACCGCATAACAGCTTTTGACACATGTTAGAAGCTTGAAAGATGCAATTGCATCACTACGAGATGGACCTGCGTTGTATTAGCTAGTAGGTAGGGTAACGGCCTACCTAGGCGACGATACATAGCCGACCTGAGAGGGTGATCGGCCACACTGGGACTGAGACACGGCCCAGACTCCTACGGGAGGCAGCAGTAGGGAATCTTCGGCAATGGGGGCAACCCTGACCGAGCAACGCCGCGTGAGTGAAGAAGGTTTTCGGATCGTAAAGCTCTGTTGTAAGAGAAGAACGTGTGTGAGAGTGGAAAGTTCACACAGTGACGGTAACTTACCAGAAAGGGACGGCTAACTACGTGCCAGCAGCCGCGGTAATACGTAGGTCCCGAGCGTTGTCCGGATTTATTGGGCGTAAAGCGAGCGCAGGCGGTTTAATAAGTCTGAAGTTAAAGGCAGTGGCTTAACCATTGTTCGCTTTGGAAACTGTTAAACTTGAGTGCAGAAGGGGAGAGTGGAATTCCATGTGTAGCGGTGAAATGCGTAGATATATGGAGGAACACCGGTGGCGAAAGCGGCTCTCTGGTCTGTAACTGACGCTGAGGCTCGAAAGCGTGGGGAGCAAACAGGATTAGATACCCTGGTAGTCCACGCCGTAAACGATGAGTGCTAGGTGTTAGGCCCTTTCCGGGGCTTAGTGCCGCAGCTAACGCATTAAGCACTCCGCCTGGGGAGTACGACCGCAAGGTTGAAACTCAAAGGAATTGACGGGGGCCCGCACAAGCGGTGGAGCATGTGGTTTAATTCGAAGCAACGCGAAGAACCTTACCAGGTCTTGACATCCCAGTGACCGCTCTAGAGATAGAGTTTTTCTTCGGAACACTGGTGACAGGTGGTGCATGGTTGTCGTCAGCTCGTGTCGTGAGATGTTGGGTTAAGTCCCGCAACGAGCGCAACCCTTATTGTTAGTTGCCATCATTCAGTTGGGCACTCTAGCGAGACTGCCGGTAATAAACCGGAGGAAGGTGGGGATGACGTCAAATCATCATGCCCCTTATGACCTGGGCTACACACGTGCTACAATGGTTGGTACAACGAGTCGCAAGTCGGTGACGGCAAGCAAATCTCTTAAAGCCAATCTCAGTTCGGATTGTAGGCTGCAACTCGCCTACATGAAGTCGGAATCGCTAGTAATCGCGGATCAGCACGCCGCGGTGAATACGTTCCCGGGCCTTGTACACACCGCCCGTCACACCACGAGAGTTTGTAACACCCGAAGTCGGTGAGGTAACCGTAAGGAGCCAGCCGCCTAAGGTGGGATAGATGATTGGGGTG	d__Bacteria;p__Bacillota;c__Bacilli;o__Lactobacillales;f__Streptococcaceae;g__Streptococcus;s__Streptococcus faecavium	1.0	59
c23d58e3361b596840d62334410377c5	GACGAACGCTGGCGGCGTGCCTAACACATGCAAGTCGAACGGAAGTAAGAGCTTCGGTTTTTACTTTAGTGGCGAACGGGTGAGTAACGCGTGAGGAACCTGCCTTTCAGTGGGGGACAACAGTTGGAAACGACTGCTAATACCGCATAATGTTTCCGGTCTGCATGGACTGGAAACCAAAGCTTTATGTGCTGAAAGATGGCCTCGCGTCTGATTAGATAGTTGGTGGGGTAACGGCCTACCAAGTCAACGATCAGTAGCCGGTCTGAGAGGATGAACGGCCACATTGGGACTGAGATACGGCCCAGACTCCTACGGGAGGCAGCAGTGGGGAATATTGGGCAATGGGGGAAACCCTGACCCAGCAACGCCGCGTGAAGGAAGAAGGCCTTCGGGTTGTAAACTTCTTTTACCAGGGACGAAGGACGTGACGGTACCTGGAGAAAAAGCAACGGCTAACTACGTGCCAGCAGCCGCGGTAATACGTAGGTTGCAAGCGTTGTCCGGATTTACTGGGTGTAAAGGGCGTGTAGGCGGAGCTGCAAGTCAGATGTGAAATCCCGGGGCTCAACCCCGGAACTGCATTTGAAACTGTAGCCCTTGAGTATCGGAGAGGCAAGCGGAATTCCTAGTGTAGCGGTGAAATGCGTAGATATTAGGAGGAACACCAGTGGCGAAGGCGGCTTGCTGGACGACAACTGACGCTGAGGCGCGAAAGCGTGGGGAGCAAACAGGATTAGATACCCTGGTAGTCCACGCTGTAAACGATGAATACTAGGTGTGGGAGGACTGACCCCTTCCGTGCCGCAGTTAACACAATAAGTATTCCACCTGGGGAGTACGACCGCAAGGTTGAAACTCAAAGGAATTGACGGGGGCCCGCACAAGCAGTGGATTATGTGGTTTAATTCGACGCAACGCGAAGAACCTTACCAGGATTTGACATCCAACTAACGAAGTAGAGATACATCAGGTGCCCTTCGGGGAAAGTTGAGACAGGTGGTGCATGGTTGTCGTCAGCTCGTGTCGTGAGATGTTGGGTTAAGTCCCGCAACGAGCGCAACCCCTATTGTTAGTTGCTACGAAAGAGCACTCTAGCGAGACTGCCGTTGACAAAACGGAGGAAGGCGGGGACGACGTCAAATCATCATGCCCCTTATATCCTGGGCTACACACGTAATACAATGGCCGTCAACAAAGGGAAGCGAAACCGCGAGGCGGAGCAAATCCCCAAAAACGGTCTCAGTTCGGATTGCAGGCTGCAACTCGCCTGCATGAAGCTGGAATTGCTAGTAATCGTGGATCAGCATGCCACGGTGAATACGTTCCCGGGCCTTGTACACACCGCCCGTCACACCATGAGAGTCGGGAACACCCGAAGTCCGTAGTCTAACCGCAAGGAGGGCGCGGCCGAAGGTGGGTCCGGTAATTGGGGTG	Unassigned	1.0	52
2bce0e1820280830cc97a25de3f24afa	GATGAACGCTGGCGGCGTGCTTAACACATGCAAGTCGAACGGGGAATATTCTGACAGAGACTTCGGTTGAAGTCGTTATATTCCTAGTGGCGGACGGGTGAGTAACGCGTGGGTAACCTGCCCCACACAGGGGGATAACAACCAGAAATGGCTGCTAATACCGCATAAGCGCACGGAGCCGCATGGCTTTGTGTGAAAAACTCCGGTGGTGTGGGATGGGCCCGCGTTGGATTAGCCAGTTGGCAGGGTAACGGCCTACCAAAGCGACGATCCATAGCCGGCCTGAGAGGGTGAACGGCCACATTGGGACTGAGACACGGCCCAGACTCCTACGGGAGGCAGCAGTGGGGAATATTGCACAATGGGGGAAACCCTGATGCAGCGACGCCGCGTGAAGGAAGAAGTATCTCGGTATGTAAACTTCTATCAGCAGGGAAGAAAATGACGGTACCTGACTAAGAAGCCCCGGCTAACTACGTGCCAGCAGCCGCGGTAATACGTAGGGGGCAAGCGTTATCCGGATTTACTGGGTGTAAAGGGAGCGTAGACGGAGCAGCAAGTCTGATGTGAAAGGCAGGGGCTCAACCCCTGGACTGCATTGGAAACTGTTGATCTTGAGTACCGGAGGGGTAAGCGGAATTCCTAGTGTAGCGGTGAAATGCGTAGATATTAGGAGGAACACCAGTGGCGAAGGCGGCTTACTGGACGGTAACTGACGTTGAGGCTCGAAAGCGTGGGGAGCAAACAGGATTAGATACCCTGGTAGTCCACGCCGTAAACGATGAATACTAGGTGTCAGGGAGCAAAGCTCTTTGGTGCCGCAGCAAACGCAGTAAGTATTCCACCTGGGGAGTACGTTCGCAAGAATGAAACTCAAAGGAATTGACGGGGACCCGCACAAGCGGTGGAGCATGTGGTTTAATTCGAAGCAACGCGAAGAACCTTACCAAGTCTTGACATCCCTCTGACCGGTCCGTAACGGGATCTTTCCTTCGGGACAGGGGAGACAGGTGGTGCATGGTTGTCGTCAGCTCGTGTCGTGAGATGTTGGGTTAAGTCCCGCAACGAGCGCAACCCCTATCCCCAGTAGCCAGCAGGTAGAGCTGGGCACTCTGAGGAGACTGCCAGGGATAACCTGGAGGAAGGCGGGGATGACGTCAAATCATCATGCCCCTTATGATTTGGGCTACACACGTGCTACAATGGCGTAAACAAAGGGAAGCGAGAGGGCGACCTGGAGCAAATCCCAAAAATAACGTCCCAGTTCGGACTGTAGTCTGCAACCCGACTACACGAAGCTGGAATCGCTAGTAATCGCGGATCAGAATGCCGCGGTGAATACGTTCCCGGGTCTTGTACACACCGCCCGTCACACCATGGGAGTCAGTAACGCCCGAAGTCAGTGACCGAACCTCGTGAAGGAGCTGCCGAAGGCGGGACGGATGACTGGGGTG	Unassigned	1.0	52
28c327900019e33221ae9681ef367e98	GATGAACGCTGGCGGCGTGCTTAACACATGCAAGTCGAACGAAGCGGCTGGACGGAAGTTTTCGGATGGAAGACCAGCTGACTGAGTGGCGGACGGGTGAGTAACGCGTGGGTAACCTGCCGTATACAGGGGGATAACAGAGAGAAATTTCTGCTAATACCGCATAAGCGCACGAGGACCGCATGGTCCGGTGTGAAAAGCCGAGACGGTATACGATGGACCCGCGTCTGATTAGGCAGTTGGTGGGGTAACGGCCTACCAAACCGACGATCAGTAGCCGGCCTGAGAGGGTGGACGGCCACATTGGGACTGAGACACGGCCCAAACTCCTACGGGAGGCAGCAGTGGGGAATATTGCACAATGGGGGAAACCCTGATGCAGCGACGCCGCGTGAGCGAAGAAGTATTTCGGTATGTAAAGCTCTATCAGCAGGGAAGAAGAAAGACGGTACCTGACTAAGAAGCCCCGGCTAACTACGTGCCAGCAGCCGCGGTAATACGTAGGGGGCAAGCGTTATCCGGATTTACTGGGTGTAAAGGGAGCGCAGACGGCATGGCAAGTCTGAAGTGAAAGGCATGGGCTCAACCCGTGGACTGCTTTGGAAACTGTCAGGCTAGAGTGTCGGAGAGGCAAGTGGAATTCCTAGTGTAGCGGTGAAATGCGTAGATATTAGGAGGAACACCAGTGGCGAAGGCGGCTTGCTGGACGATGACTGACGTTGAGGCTCGAAAGCGTGGGGAGCAAACAGGATTAGATACCCTGGTAGTCCACGCCGTAAACGATGAATACTAGGTGTTGGGGAGCAAAGCTCTTCGGTGCCGCAGCAAACGCAGTAAGTATTCCACCTGGGGAGTACGTTCGCAAGAATGAAACTCAAAGGAATTGACGGGGACCCGCACAAGCGGTGGAGCATGTGGTTTAATTCGAAGCAACGCGAAGAACCTTACCAAGTCTTGACATCTGCGTGACCGGGAAGTAACGTTCCCTTTCCTTCGGGACAGGCAAGACAGGTGGTGCATGGTTGTCGTCAGCTCGTGTCGTGAGATGTTGGGTTAAGTCCCGCAACGAGCGCAACCCTTATCCTTAGTAGCCAGCATGTAGAGGTGGGCACTCTAGGGAGACTGCCAGGGAGAACCTGGAGGAAGGTGGGGATGACGTCAAATCATCATGCCCCTTATGATTTGGGCTACACACGTGCTACAATGGCGTAAACAAAGGGAAGCGAGAGGGTGACCTTAAGCGAATCTCAAAAATAACGTCTCAGTTCGGATTGTAGTCTGCAACTCGACTACATGAAGCTGGAATCGCTAGTAATCGCGAATCAGCATGTCGCGGTGAATACGTTCCCGGGTCTTGTACACACCGCCCGTCACACCATGGGAGTCGGAAATGCCCGAAGTCAGTGACCCAACCGCAAGGAGGGAGCTGCCGAAGGTGGAGCCGATAACTGGGGTG	Unassigned	1.0	43
